nome,email,genero,pais
João Silva,joao.silva@email.com,Masculino,Brasil
Maria Santos,maria.santos@gmail.com,Feminino,Brasil
Pedro Oliveira,pedro.oliveira@hotmail.com,Masculino,Portugal
Ana Costa,ana.costa@yahoo.com,Feminino,Brasil
Carlos Ferreira,carlos.ferreira@outlook.com,Masculino,Brasil
Lucia Pereira,lucia.pereira@gmail.com,Feminino,Portugal
Rafael Lima,rafael.lima@email.com,Masculino,Brasil
Fernanda Souza,fernanda.souza@hotmail.com,Feminino,Brasil
Miguel Rodriguez,miguel.rodriguez@gmail.com,Masculino,Espanha
Isabella Garcia,isabella.garcia@yahoo.com,Feminino,Espanha
Antonio Martins,antonio.martins@email.com,Masculino,Brasil
Camila Alves,camila.alves@gmail.com,Feminino,Brasil
Diego Hernandez,diego.hernandez@hotmail.com,Masculino,México
Sofia Lopez,sofia.lopez@yahoo.com,Feminino,México
Bruno Ribeiro,bruno.ribeiro@outlook.com,Masculino,Brasil
Juliana Rocha,juliana.rocha@gmail.com,Feminino,Brasil
Eduardo Morales,eduardo.morales@email.com,Masculino,Argentina
Valentina Torres,valentina.torres@hotmail.com,Feminino,Argentina
Gabriel Nascimento,gabriel.nascimento@yahoo.com,Masculino,Brasil
Larissa Cardoso,larissa.cardoso@gmail.com,Feminino,Brasil
Mateo Gonzalez,mateo.gonzalez@outlook.com,Masculino,Colômbia
Natalia Vargas,natalia.vargas@email.com,Feminino,Colômbia
Lucas Barbosa,lucas.barbosa@hotmail.com,Masculino,Brasil
Amanda Dias,amanda.dias@gmail.com,Feminino,Brasil
Sebastian Castro,sebastian.castro@yahoo.com,Masculino,Chile
Catalina Ruiz,catalina.ruiz@outlook.com,Feminino,Chile
Thiago Mendes,thiago.mendes@email.com,Masculino,Brasil
Beatriz Gomes,beatriz.gomes@gmail.com,Feminino,Brasil
Alejandro Jimenez,alejandro.jimenez@hotmail.com,Masculino,Peru
Daniela Moreno,daniela.moreno@yahoo.com,Feminino,Peru
Vinicius Teixeira,vinicius.teixeira@outlook.com,Masculino,Brasil
Mariana Freitas,mariana.freitas@gmail.com,Feminino,Brasil
Nicolas Delgado,nicolas.delgado@email.com,Masculino,Uruguai
Emilia Ramos,emilia.ramos@hotmail.com,Feminino,Uruguai
Felipe Carvalho,felipe.carvalho@yahoo.com,Masculino,Brasil
Giovanna Monteiro,giovanna.monteiro@gmail.com,Feminino,Brasil
Andres Medina,andres.medina@outlook.com,Masculino,Equador
Valeria Ortega,valeria.ortega@email.com,Feminino,Equador
Rodrigo Azevedo,rodrigo.azevedo@hotmail.com,Masculino,Brasil
Isabela Correia,isabela.correia@gmail.com,Feminino,Brasil
Francisco Herrera,francisco.herrera@yahoo.com,Masculino,Venezuela
Alejandra Flores,alejandra.flores@outlook.com,Feminino,Venezuela
Gustavo Moreira,gustavo.moreira@email.com,Masculino,Brasil
Leticia Castro,leticia.castro@gmail.com,Feminino,Brasil
Manuel Guerrero,manuel.guerrero@hotmail.com,Masculino,Bolívia
Carmen Aguilar,carmen.aguilar@yahoo.com,Feminino,Bolívia
Leonardo Pinto,leonardo.pinto@outlook.com,Masculino,Brasil
Renata Silva,renata.silva@gmail.com,Feminino,Brasil
Pablo Mendoza,pablo.mendoza@email.com,Masculino,Paraguai
Adriana Vega,adriana.vega@hotmail.com,Feminino,Paraguai
Henrique Lopes,henrique.lopes@yahoo.com,Masculino,Brasil
Priscila Nunes,priscila.nunes@gmail.com,Feminino,Brasil
Raul Sandoval,raul.sandoval@outlook.com,Masculino,Costa Rica
Monica Campos,monica.campos@email.com,Feminino,Costa Rica
Marcelo Reis,marcelo.reis@hotmail.com,Masculino,Brasil
Tatiana Machado,tatiana.machado@gmail.com,Feminino,Brasil
Javier Romero,javier.romero@yahoo.com,Masculino,Guatemala
Paola Navarro,paola.navarro@outlook.com,Feminino,Guatemala
Alexandre Cunha,alexandre.cunha@email.com,Masculino,Brasil
Vanessa Araujo,vanessa.araujo@gmail.com,Feminino,Brasil
Omar Castillo,omar.castillo@hotmail.com,Masculino,Honduras
Claudia Peña,claudia.pena@yahoo.com,Feminino,Honduras
Fabio Vieira,fabio.vieira@outlook.com,Masculino,Brasil
Aline Ferraz,aline.ferraz@gmail.com,Feminino,Brasil
Sergio Molina,sergio.molina@email.com,Masculino,El Salvador
Patricia Reyes,patricia.reyes@hotmail.com,Feminino,El Salvador
Daniel Fonseca,daniel.fonseca@yahoo.com,Masculino,Brasil
Carla Duarte,carla.duarte@gmail.com,Feminino,Brasil
Ricardo Paredes,ricardo.paredes@outlook.com,Masculino,Nicarágua
Silvia Cruz,silvia.cruz@email.com,Feminino,Nicarágua
Caio Melo,caio.melo@hotmail.com,Masculino,Brasil
Bruna Santana,bruna.santana@gmail.com,Feminino,Brasil
Enrique Valdez,enrique.valdez@yahoo.com,Masculino,Panamá
Lorena Soto,lorena.soto@outlook.com,Feminino,Panamá
Igor Batista,igor.batista@email.com,Masculino,Brasil
Sabrina Leite,sabrina.leite@gmail.com,Feminino,Brasil
Arturo Espinoza,arturo.espinoza@hotmail.com,Masculino,República Dominicana
Yolanda Ibarra,yolanda.ibarra@yahoo.com,Feminino,República Dominicana
Murilo Campos,murilo.campos@outlook.com,Masculino,Brasil
Elisa Moura,elisa.moura@gmail.com,Feminino,Brasil
Hector Fuentes,hector.fuentes@email.com,Masculino,Cuba
Esperanza Lara,esperanza.lara@hotmail.com,Feminino,Cuba
Otavio Ramos,otavio.ramos@yahoo.com,Masculino,Brasil
Livia Borges,livia.borges@gmail.com,Feminino,Brasil
Armando Salinas,armando.salinas@outlook.com,Masculino,Porto Rico
Marisol Cordero,marisol.cordero@email.com,Feminino,Porto Rico
Enzo Tavares,enzo.tavares@hotmail.com,Masculino,Brasil
Yasmin Nogueira,yasmin.nogueira@gmail.com,Feminino,Brasil
Ruben Acosta,ruben.acosta@yahoo.com,Masculino,Haiti
Esperanza Benitez,esperanza.benitez@outlook.com,Feminino,Haiti
Arthur Brito,arthur.brito@email.com,Masculino,Brasil
Luana Cavalcanti,luana.cavalcanti@gmail.com,Feminino,Brasil
Esteban Figueroa,esteban.figueroa@hotmail.com,Masculino,Jamaica
Dulce Pacheco,dulce.pacheco@yahoo.com,Feminino,Jamaica
Davi Soares,davi.soares@outlook.com,Masculino,Brasil
Milena Andrade,milena.andrade@gmail.com,Feminino,Brasil
Cristian Varela,cristian.varela@email.com,Masculino,Trinidad e Tobago
Rocio Quintero,rocio.quintero@hotmail.com,Feminino,Trinidad e Tobago
Joao Pedro,joao.pedro@yahoo.com,Masculino,Brasil
Eduarda Lima,eduarda.lima@gmail.com,Feminino,Brasil
Angel Cabrera,angel.cabrera@outlook.com,Masculino,Barbados
Esperanza Villalobos,esperanza.villalobos@email.com,Feminino,Barbados
Matheus Costa,matheus.costa@hotmail.com,Masculino,Brasil
Rafaela Matos,rafaela.matos@gmail.com,Feminino,Brasil
